1945thethreeblindmice.jpg,1764040193
1947cadetrousselle.jpg,1764040193
1962thefliyingman.jpg,1764040194
1963theapple.jpg,1764040194
1966thesnails.jpg,1764040195
1967theladder.jpg,1764040195
1968theglassharmonica.jpg,1764040196
1969seasons.jpg,1764040196
1970moonrock.jpg,1764040196
2009magiccubeandpingpong.jpg,1764040197
2010thisislove.jpg,1764040197
2013bighandsohbiglands.jpg,1764040198
2014animafestzagreb.jpg,1764040198
2014thisisnotatimetolie.jpg,1764040199
2015missingoneplayer.jpg,1764040199
1972yukissun.jpg,1764041695
1981threemonks.jpg,1764041696
1986luxojr.jpg,1764041696
1988tintoy.jpg,1764041696
1995onyourmark.jpg,1764041697
1997gerisgame.jpg,1764041697
2000forthebirds.jpg,1764041698
2007madametutliputli.jpg,1764041698
2008lamaisonenpetitscubes.jpg,1764041698
2010outofsight.jpg,1764041699
2011laluna.jpg,1764041699
2020puparia.jpg,1764041700
2024ostinato.jpg,1764041700
1963thebuffaloboyandhisflute.jpg,1764042197
2008pearoralien.jpg,1764042948
1978allnothing.jpg,1764046172
1980crac.jpg,1764046172
2007oktapodi.jpg,1764046173
2025niccolo.jpg,1764046173
2023elegie.jpg,1764046552
2023madre.jpg,1764046553
