1972yukissun.mp4,2025-11-19 19:44:59,https://sort-a-short.s3.us-east-1.amazonaws.com/videos/1972yukissun/playlist.mpd
1975hedgehoginthefog.mp4,2025-11-19 19:47:05,https://sort-a-short.s3.us-east-1.amazonaws.com/videos/1975hedgehoginthefog/playlist.mpd
2008lamaisonenpetitscubes.mp4,2025-11-19 19:49:01,https://sort-a-short.s3.us-east-1.amazonaws.com/videos/2008lamaisonenpetitscubes/playlist.mpd
2020puparia.mp4,2025-11-19 19:51:57,https://sort-a-short.s3.us-east-1.amazonaws.com/videos/2020puparia/playlist.mpd
1972yukissun.mp4,2025-11-19 20:07:57,https://sort-a-short.s3.us-east-1.amazonaws.com/videos/1972yukissun/playlist.mpd
2007madametutliputli.mp4,2025-11-19 20:12:39,https://sort-a-short.s3.us-east-1.amazonaws.com/videos/2007madametutliputli/playlist.mpd
1985interopia.mp4,2025-11-19 21:16:39,https://sort-a-short.s3.us-east-1.amazonaws.com/videos/1985interopia/playlist.mpd
1981threemonks.mp4,2025-11-20 02:08:01,https://sort-a-short.s3.us-east-1.amazonaws.com/videos/1981threemonks/playlist.mpd
1986luxojr.mp4,2025-11-23 03:02:27,https://sort-a-short.s3.us-east-1.amazonaws.com/videos/1986luxojr/playlist.mpd
1988tintoy.mp4,2025-11-23 03:03:34,https://sort-a-short.s3.us-east-1.amazonaws.com/videos/1988tintoy/playlist.mpd
1997gerisgame.mp4,2025-11-23 03:04:30,https://sort-a-short.s3.us-east-1.amazonaws.com/videos/1997gerisgame/playlist.mpd
2000forthebirds.mp4,2025-11-23 03:05:15,https://sort-a-short.s3.us-east-1.amazonaws.com/videos/2000forthebirds/playlist.mpd
2011laluna.mp4,2025-11-23 03:06:27,https://sort-a-short.s3.us-east-1.amazonaws.com/videos/2011laluna/playlist.mpd
1985onyourmark.mp4,2025-11-23 03:34:37,https://sort-a-short.s3.us-east-1.amazonaws.com/videos/1985onyourmark/playlist.mpd
2010outofsight.mp4,2025-11-23 20:46:37,https://sort-a-short.s3.us-east-1.amazonaws.com/videos/2010outofsight/playlist.mpd
1967theladder.mp4,2025-11-23 23:29:16,https://sort-a-short.s3.us-east-1.amazonaws.com/videos/1967theladder/playlist.mpd
1970moonrock.mp4,2025-11-23 23:30:34,https://sort-a-short.s3.us-east-1.amazonaws.com/videos/1970moonrock/playlist.mpd
1945thethreeblindmice.mp4,2025-11-24 00:47:48,https://sort-a-short.s3.us-east-1.amazonaws.com/videos/1945thethreeblindmice/playlist.mpd
1947cadetrousselle.mp4,2025-11-24 00:48:57,https://sort-a-short.s3.us-east-1.amazonaws.com/videos/1947cadetrousselle/playlist.mpd
1963theapple.mp4,2025-11-24 00:50:03,https://sort-a-short.s3.us-east-1.amazonaws.com/videos/1963theapple/playlist.mpd
1966thesnails.mp4,2025-11-24 01:21:27,https://sort-a-short.s3.us-east-1.amazonaws.com/videos/1966thesnails/playlist.mpd
1968theglassharmonica.mp4,2025-11-24 01:24:36,https://sort-a-short.s3.us-east-1.amazonaws.com/videos/1968theglassharmonica/playlist.mpd
1969seasons.mp4,2025-11-24 01:26:21,https://sort-a-short.s3.us-east-1.amazonaws.com/videos/1969seasons/playlist.mpd
2024ostinato.mp4,2025-11-24 01:28:06,https://sort-a-short.s3.us-east-1.amazonaws.com/videos/2024ostinato/playlist.mpd
1963thebuffaloboyandhisflute.mp4,2025-11-24 20:38:16,https://sort-a-short.s3.us-east-1.amazonaws.com/videos/1963thebuffaloboyandhisflute/playlist.mpd
2009magiccubeandpingpong.mp4,2025-11-24 22:25:31,https://sort-a-short.s3.us-east-1.amazonaws.com/videos/2009magiccubeandpingpong/playlist.mpd
2013bighandsohbiglands.mp4,2025-11-24 22:26:55,https://sort-a-short.s3.us-east-1.amazonaws.com/videos/2013bighandsohbiglands/playlist.mpd
2015missingoneplayer.mp4,2025-11-24 22:28:06,https://sort-a-short.s3.us-east-1.amazonaws.com/videos/2015missingoneplayer/playlist.mpd
2014animafestzagreb.mp4,2025-11-24 22:38:26,https://sort-a-short.s3.us-east-1.amazonaws.com/videos/2014animafestzagreb/playlist.mpd
1978allnothing.mp4,2025-11-25 01:44:55,https://sort-a-short.s3.us-east-1.amazonaws.com/videos/1978allnothing/playlist.mpd
1980crac.mp4,2025-11-25 01:47:41,https://sort-a-short.s3.us-east-1.amazonaws.com/videos/1980crac/playlist.mpd
2007oktapodi.mp4,2025-11-25 01:48:16,https://sort-a-short.s3.us-east-1.amazonaws.com/videos/2007oktapodi/playlist.mpd
2025niccolo.mp4,2025-11-25 01:49:30,https://sort-a-short.s3.us-east-1.amazonaws.com/videos/2025niccolo/playlist.mpd
2023elegie.mp4,2025-11-25 01:55:36,https://sort-a-short.s3.us-east-1.amazonaws.com/videos/2023elegie/playlist.mpd
2023madre.mp4,2025-11-25 01:55:50,https://sort-a-short.s3.us-east-1.amazonaws.com/videos/2023madre/playlist.mpd
